{
  "TeamMembers": [
    {
      "id": "jdoe",
      "position": "Software Engineer",
      "first_name": "John",
      "last_name": "Doe",
      "full_name": "John Doe",
      "code": "T1",
      "location": "NY",
      "contact": "123-456-7890",
      "email": "johndoe@example.com"
    },
    {
      "id": "msmith",
      "position": "Project Manager",
      "first_name": "Mary",
      "last_name": "Smith",
      "full_name": "Mary Smith",
      "code": "T2",
      "location": "CA",
      "contact": "987-654-3210",
      "email": "marysmith@example.com"
    },
    {
      "id": "rblack",
      "position": "Designer",
      "first_name": "Rachel",
      "last_name": "Black",
      "full_name": "Rachel Black",
      "code": "T3",
      "location": "TX",
      "contact": "555-123-4567",
      "email": "rachelblack@example.com"
    }
  ]
}
